{"name":"d62e7aa2-2ccb-4bb5-bdd9-e6c3390519e5","id":"/providers/Microsoft.Flow/flows/d62e7aa2-2ccb-4bb5-bdd9-e6c3390519e5","type":"Microsoft.Flow/flows","properties":{"apiId":"/providers/Microsoft.PowerApps/apis/shared_logicflows","displayName":"RegExClient","definition":{"metadata":{"workflowEntityId":null,"processAdvisorMetadata":null,"flowChargedByPaygo":null,"flowclientsuspensionreason":"None","flowclientsuspensiontime":null,"flowclientsuspensionreasondetails":null,"creator":{"id":"7dd5f4ff-6642-4231-89cb-c2f3b71f50cf","type":"User","tenantId":"1f41d613-d3a1-4ead-918d-2a25b10de330"},"provisioningMethod":"FromDefinition","failureAlertSubscription":true,"clientLastModifiedTime":"2025-12-08T20:10:59.9144061Z","connectionKeySavedTimeKey":"2025-12-08T20:10:59.9144061Z","creationSource":"Portal","modifiedSources":"Portal"},"$schema":"https://schema.management.azure.com/providers/Microsoft.Logic/schemas/2016-06-01/workflowdefinition.json#","contentVersion":"undefined","parameters":{"$authentication":{"defaultValue":{},"type":"SecureObject"},"$connections":{"defaultValue":{},"type":"Object"}},"triggers":{"manual":{"type":"Request","kind":"Button","inputs":{"schema":{"type":"object","properties":{},"required":[]}}}},"actions":{"Create_RegEx_Service_Request_Body":{"runAfter":{},"type":"Compose","inputs":{"Text":"This is a famous test","Pattern":"famous+.*","Flags":"gim","Method":"match","Replacement":""}},"Send_HTTP_POST_Request_to_RegEx_Service":{"runAfter":{"Create_RegEx_Service_Request_Body":["Succeeded"]},"type":"Http","inputs":{"uri":"https://GET-URL-FROM-EFDC-MOBILE-TECH-CORE.umich.edu","method":"POST","queries":{"WaitForResults":"true"},"body":"@outputs('Create_RegEx_Service_Request_Body')"},"runtimeConfiguration":{"contentTransfer":{"transferMode":"Chunked"}}},"Parse_JSON_Result_from_RegEx_Service":{"runAfter":{"Send_HTTP_POST_Request_to_RegEx_Service":["Succeeded"]},"type":"ParseJson","inputs":{"content":"@body('Send_HTTP_POST_Request_to_RegEx_Service')","schema":{"type":"object","properties":{"customerId":{"type":"integer"},"flowOccurrenceId":{"type":"integer"},"flowOccurrencePId":{"type":"string"},"status":{"type":"string"},"userStatus":{"type":"integer"},"data":{"type":"object","properties":{"ResultValue":{"type":"array","items":{"type":"string"}},"ResultCode":{"type":"integer"}}}}}}}},"description":"Tests the RegEx Service, a TDX iPaaS flow to run regular expressions against the specified text."},"connectionReferences":{},"flowFailureAlertSubscribed":false,"isManaged":false}}